token_length,count
63,6
64,19
65,12
66,20
67,47
68,72
69,97
70,205
71,279
72,423
73,699
74,970
75,1198
76,1315
77,1236
78,1143
79,908
80,799
81,645
82,562
83,468
84,463
85,364
86,292
87,324
88,219
89,276
90,271
91,236
92,219
93,270
94,216
95,259
96,154
97,188
98,205
99,189
100,352
101,228
102,178
103,214
104,195
105,212
106,260
107,195
108,235
109,297
110,221
111,241
112,228
113,192
114,197
115,207
116,239
117,244
118,193
119,229
120,299
121,253
122,259
123,257
124,249
125,219
126,239
127,255
128,268
129,230
130,266
131,246
132,239
133,255
134,232
135,231
136,217
137,170
138,224
139,233
140,178
141,177
142,219
143,185
144,175
145,185
146,303
147,210
148,206
149,181
150,162
151,191
152,169
153,169
154,175
155,153
156,158
157,145
158,134
159,148
160,153
161,158
162,140
163,130
164,103
165,144
166,141
167,117
168,122
169,103
170,105
171,105
172,109
173,98
174,135
175,103
176,123
177,126
178,95
179,78
180,90
181,101
182,74
183,91
184,85
185,93
186,102
187,80
188,85
189,80
190,92
191,96
192,94
193,71
194,73
195,82
196,74
197,78
198,69
199,65
200,58
201,65
202,45
203,46
204,60
205,63
206,104
207,78
208,78
209,54
210,58
211,47
212,63
213,70
214,32
215,31
216,54
217,42
218,55
219,72
220,50
221,54
222,52
223,50
224,50
225,64
226,45
227,66
228,48
229,63
230,83
231,53
232,70
233,59
234,55
235,47
236,85
237,50
238,105
239,76
240,52
241,51
242,52
243,40
244,98
245,51
246,40
247,37
248,59
249,45
250,77
251,76
252,63
253,57
254,60
255,37
256,48
257,50
258,46
259,29
260,40
261,47
262,57
263,58
264,56
265,63
266,48
267,56
268,56
269,59
270,53
271,43
272,44
273,54
274,53
275,55
276,54
277,34
278,52
279,49
280,49
281,38
282,41
283,5981
284,47
285,40
286,98
287,53
288,44
289,40
290,38
291,56
292,60
293,37
294,52
295,51
296,50
297,63
298,55
299,66
300,45
301,53
302,52
303,53
304,43
305,29
306,41
307,47
308,50
309,29
310,40
311,34
312,43
313,28
314,25
315,39
316,34
317,39
318,45
319,44
320,41
321,37
322,33
323,36
324,32
325,34
326,43
327,32
328,29
329,49
330,29
331,30
332,33
333,36
334,44
335,47
336,46
337,41
338,43
339,29
340,43
341,45
342,38
343,37
344,38
345,39
346,39
347,31
348,50
349,91
350,37
351,39
352,26
353,29
354,50
355,33
356,36
357,32
358,29
359,35
360,39
361,27
362,23
363,35
364,36
365,33
366,24
367,31
368,30
369,29
370,35
371,28
372,25
373,34
374,29
375,31
376,40
377,22
378,25
379,34
380,31
381,29
382,26
383,30
384,37
385,28
386,52
387,27
388,35
389,33
390,26
391,21
392,32
393,26
394,25
395,29
396,23
397,21
398,32
399,26
400,25
401,41
402,26
403,41
404,18
405,36
406,54
407,63
408,72
409,118
410,144
411,220
412,236
413,263
414,287
415,283
416,275
417,216
418,194
419,180
420,141
421,115
422,106
423,88
424,87
425,74
426,53
427,133
428,52
429,46
430,46
431,32
432,46
433,54
434,61
435,59
436,97
437,112
438,144
439,200
440,247
441,255
442,291
443,291
444,235
445,235
446,264
447,163
448,129
449,106
450,106
451,88
452,63
453,75
454,72
455,59
456,43
457,31
458,40
459,30
460,29
461,21
462,73
463,16
464,28
465,25
466,26
467,20
468,25
469,21
470,22
471,17
472,18
473,20
474,22
475,15
476,24
477,20
478,13
479,12
480,18
481,17
482,19
483,13
484,11
485,21
486,12
487,15
488,17
489,15
490,19
491,14
492,12
493,14
494,16
495,16
496,14
497,10
498,7
499,20
500,17
501,13
502,8
503,11
504,19
505,13
506,19
507,14
508,13
509,11
510,8
511,12
512,14
513,23
514,17
515,8
516,19
517,18
518,23
519,19
520,17
521,14
522,19
523,16
524,14
525,17
526,9
527,18
528,14
529,11
530,14
531,20
532,21
533,14
534,9
535,13
536,10
537,12
538,10
539,12
540,10
541,23
542,7
543,12
544,14
545,16
546,23
547,13
548,17
549,9
550,14
551,14
552,12
553,14
554,13
555,18
556,12
557,14
558,6
559,19
560,16
561,18
562,17
563,15
564,13
565,15
566,16
567,14
568,9
569,17
570,11
571,11
572,26
573,17
574,11
575,13
576,19
577,17
578,13
579,7
580,16
581,10
582,17
583,17
584,15
585,16
586,12
587,11
588,13
589,15
590,10
591,12
592,16
593,8
594,18
595,15
596,18
597,22
598,14
599,7
600,18
601,18
602,12
603,16
604,25
605,17
606,15
607,18
608,24
609,9
610,14
611,29
612,18
613,24
614,24
615,18
616,14
617,13
618,12
619,17
620,20
621,15
622,17
623,9
624,17
625,24
626,10
627,13
628,14
629,12
630,22
631,16
632,14
633,21
634,16
635,16
636,17
637,19
638,12
639,21
640,19
641,18
642,15
643,16
644,16
645,15
646,16
647,22
648,24
649,31
650,20
651,20
652,20
653,22
654,24
655,18
656,14
657,19
658,20
659,24
660,12
661,20
662,17
663,30
664,15
665,14
666,16
667,16
668,26
669,17
670,13
671,6
672,19
673,17
674,20
675,25
676,15
677,17
678,21
679,17
680,26
681,12
682,19
683,18
684,14
685,19
686,22
687,27
688,25
689,25
690,11
691,26
692,25
693,24
694,27
695,25
696,22
697,24
698,24
699,31
700,28
701,22
702,23
703,22
704,22
705,21
706,24
707,25
708,23
709,23
710,28
711,24
712,14
713,24
714,31
715,20
716,19
717,18
718,25
719,24
720,23
721,17
722,28
723,29
724,26
725,20
726,23
727,21
728,21
729,24
730,27
731,33
732,43
733,16
734,30
735,25
736,24
737,27
738,17
739,20
740,28
741,20
742,35
743,22
744,28
745,15
746,20
747,27
748,33
749,34
750,14
751,17
752,23
753,28
754,34
755,29
756,21
757,24
758,19
759,25
760,37
761,24
762,24
763,26
764,20
765,26
766,28
767,28
768,23
769,33
770,17
771,34
772,37
773,22
774,30
775,30
776,34
777,34
778,33
779,33
780,36
781,38
782,53
783,44
784,38
785,57
786,54
787,41
788,45
789,55
790,59
791,55
792,62
793,75
794,73
795,72
796,61
797,79
798,72
799,76
800,68
801,100
802,76
803,103
804,75
805,77
806,97
807,82
808,82
809,63
810,73
811,84
812,104
813,92
814,82
815,77
816,82
817,86
818,68
819,81
820,74
821,60
822,78
823,68
824,79
825,68
826,64
827,64
828,45
829,51
830,73
831,51
832,48
833,47
834,60
835,58
836,34
837,37
838,48
839,50
840,48
841,44
842,50
843,54
844,24
845,46
846,37
847,39
848,33
849,26
850,37
851,32
852,39
853,44
854,26
855,33
856,21
857,30
858,34
859,40
860,23
861,27
862,29
863,19
864,23
865,29
866,26
867,32
868,22
869,31
870,30
871,27
872,22
873,33
874,32
875,24
876,24
877,28
878,19
879,30
880,22
881,33
882,22
883,21
884,20
885,18
886,25
887,25
888,26
889,31
890,29
891,29
892,23
893,24
894,19
895,26
896,29
897,24
898,20
899,19
900,30
901,20
902,22
903,23
904,29
905,31
906,35
907,24
908,27
909,19
910,19
911,31
912,15
913,18
914,23
915,21
916,22
917,13
918,26
919,16
920,17
921,16
922,23
923,13
924,31
925,13
926,12
927,20
928,20
929,23
930,19
931,21
932,15
933,16
934,18
935,15
936,17
937,16
938,19
939,20
940,12
941,12
942,14
943,19
944,23
945,17
946,16
947,23
948,20
949,12
950,10
951,10
952,14
953,17
954,17
955,12
956,13
957,10
958,16
959,11
960,12
961,23
962,16
963,15
964,18
965,14
966,9
967,14
968,11
969,14
970,13
971,14
972,13
973,21
974,25
975,16
976,12
977,8
978,16
979,15
980,16
981,18
982,12
983,13
984,17
985,14
986,14
987,16
988,8
989,13
990,10
991,16
992,10
993,15
994,10
995,13
996,10
997,14
998,22
999,11
1000,12
1001,8
1002,15
1003,20
1004,19
1005,9
1006,17
1007,8
1008,22
1009,11
1010,12
1011,9
1012,9
1013,14
1014,15
1015,15
1016,10
1017,13
1018,9
1019,5
1020,8
1021,13
1022,12
1023,26
1024,13
1025,13
1026,9
1027,16
1028,13
1029,17
1030,13
1031,8
1032,9
1033,11
1034,11
1035,13
1036,9
1037,14
1038,19
1039,17
1040,6
1041,18
1042,21
1043,20
1044,9
1045,22
1046,13
1047,15
1048,10
1049,11
1050,20
1051,24
1052,10
1053,21
1054,13
1055,17
1056,9
1057,13
1058,12
1059,13
1060,19
1061,8
1062,17
1063,14
1064,10
1065,7
1066,14
1067,12
1068,8
1069,14
1070,15
1071,8
1072,14
1073,12
1074,12
1075,15
1076,13
1077,10
1078,11
1079,19
1080,12
1081,5
1082,12
1083,3
1084,17
1085,15
1086,15
1087,13
1088,11
1089,6
1090,10
1091,14
1092,11
1093,11
1094,18
1095,17
1096,11
1097,7
1098,12
1099,15
1100,9
1101,14
1102,13
1103,10
1104,7
1105,16
1106,16
1107,11
1108,12
1109,17
1110,12
1111,14
1112,6
1113,10
1114,12
1115,10
1116,5
1117,14
1118,12
1119,9
1120,7
1121,11
1122,9
1123,12
1124,9
1125,14
1126,15
1127,5
1128,13
1129,4
1130,10
1131,6
1132,22
1133,12
1134,15
1135,4
1136,14
1137,16
1138,6
1139,8
1140,11
1141,7
1142,13
1143,10
1144,5
1145,9
1146,6
1147,8
1148,16
1149,12
1150,13
1151,11
1152,11
1153,6
1154,7
1155,12
1156,9
1157,16
1158,8
1159,9
1160,5
1161,10
1162,21
1163,21
1164,19
1165,19
1166,15
1167,16
1168,42
1169,16
1170,23
1171,19
1172,29
1173,40
1174,36
1175,22
1176,45
1177,38
1178,54
1179,62
1180,81
1181,69
1182,85
1183,75
1184,84
1185,99
1186,27
1187,88
1188,96
1189,87
1190,80
1191,72
1192,69
1193,75
1194,112
1195,79
1196,63
1197,83
1198,68
1199,80
1200,60
1201,95
1202,64
1203,92
1204,84
1205,67
1206,116
1207,64
1208,81
1209,51
1210,74
1211,81
1212,43
1213,50
1214,65
1215,49
1216,42
1217,89
1218,55
1219,64
1220,44
1221,31
1222,19
1223,41
1224,34
1225,25
1226,31
1227,43
1228,46
1229,34
1230,22
1231,54
1232,23
1233,19
1234,29
1235,30
1236,18
1237,10
1238,29
1239,17
1240,22
1241,10
1242,7
1243,9
1244,8
1245,13
1246,12
1247,14
1248,13
1249,19
1250,14
1251,9
1252,5
1253,10
1254,3
1255,10
1256,9
1257,9
1258,14
1259,19
1260,9
1261,10
1262,13
1263,4
1264,4
1265,11
1266,18
1267,8
1268,6
1269,6
1270,4
1271,6
1272,6
1273,8
1274,5
1275,11
1276,9
1277,10
1278,12
1279,11
1280,7
1281,12
1282,17
1283,11
1284,8
1285,9
1286,11
1287,9
1288,11
1289,10
1290,8
1291,15
1292,8
1293,13
1294,4
1295,10
1296,15
1297,8
1298,8
1299,8
1300,9
1301,13
1302,6
1303,6
1304,7
1305,9
1306,10
1307,12
1308,9
1309,12
1310,10
1311,12
1312,8
1313,13
1314,9
1315,7
1316,7
1317,5
1318,15
1319,9
1320,14
1321,9
1322,7
1323,14
1324,7
1325,7
1326,12
1327,17
1328,8
1329,8
1330,7
1331,5
1332,10
1333,8
1334,8
1335,10
1336,8
1337,11
1338,8
1339,5
1340,7
1341,10
1342,12
1343,11
1344,6
1345,8
1346,10
1347,6
1348,10
1349,7
1350,6
1351,11
1352,5
1353,12
1354,9
1355,11
1356,7
1357,14
1358,14
1359,8
1360,9
1361,2
1362,13
1363,8
1364,7
1365,5
1366,8
1367,13
1368,7
1369,6
1370,6
1371,9
1372,10
1373,7
1374,9
1375,11
1376,10
1377,8
1378,8
1379,6
1380,8
1381,5
1382,9
1383,7
1384,3
1385,9
1386,15
1387,12
1388,8
1389,12
1390,15
1391,6
1392,10
1393,8
1394,10
1395,8
1396,8
1397,4
1398,5
1399,9
1400,9
1401,12
1402,9
1403,12
1404,9
1405,3
1406,4
1407,7
1408,12
1409,6
1410,8
1411,8
1412,13
1413,9
1414,4
1415,6
1416,10
1417,6
1418,6
1419,7
1420,8
1421,8
1422,13
1423,9
1424,3
1425,9
1426,8
1427,11
1428,6
1429,9
1430,6
1431,8
1432,11
1433,5
1434,5
1435,5
1436,11
1437,9
1438,9
1439,4
1440,8
1441,9
1442,10
1443,9
1444,5
1445,6
1446,7
1447,10
1448,9
1449,3
1450,8
1451,10
1452,7
1453,6
1454,10
1455,8
1456,4
1457,7
1458,10
1459,6
1460,14
1461,8
1462,7
1463,10
1464,2
1465,11
1466,5
1467,4
1468,6
1469,10
1470,4
1471,3
1472,10
1473,3
1474,12
1475,5
1476,7
1477,9
1478,6
1479,2
1480,12
1481,6
1482,4
1483,4
1484,5
1485,4
1486,8
1487,15
1488,7
1489,8
1490,11
1491,5
1492,7
1493,7
1494,6
1495,12
1496,6
1497,12
1498,5
1499,11
1500,8
1501,9
1502,5
1503,4
1504,5
1505,11
1506,9
1507,12
1508,4
1509,5
1510,8
1511,5
1512,2
1513,14
1514,5
1515,10
1516,9
1517,4
1518,7
1519,7
1520,4
1521,4
1522,5
1523,10
1524,11
1525,3
1526,5
1527,5
1528,13
1529,6
1530,4
1531,6
1532,5
1533,7
1534,11
1535,9
1536,8
1537,9
1538,2
1539,5
1540,10
1541,4
1542,9
1543,7
1544,10
1545,2
1546,7
1547,4
1548,6
1549,7
1550,9
1551,10
1552,6
1553,8
1554,7
1555,5
1556,7
1557,1
1558,12
1559,8
1560,9
1561,9
1562,5
1563,8
1564,9
1565,7
1566,4
1567,7
1568,2
1569,9
1570,10
1571,10
1572,7
1573,5
1574,4
1575,7
1576,7
1577,12
1578,4
1579,8
1580,5
1581,5
1582,5
1583,8
1584,5
1585,8
1586,3
1587,7
1588,12
1589,4
1590,6
1591,4
1592,10
1593,3
1594,4
1595,8
1596,2
1597,4
1598,2
1599,6
1600,5
1601,6
1602,5
1603,6
1604,4
1605,8
1606,5
1607,10
1608,7
1609,7
1610,2
1611,4
1612,6
1613,6
1614,6
1615,1
1616,9
1617,6
1618,4
1619,3
1620,6
1621,5
1622,8
1623,3
1624,6
1625,7
1626,8
1627,6
1628,1
1629,9
1630,5
1631,9
1632,2
1633,4
1634,9
1635,2
1636,2
1637,6
1638,14
1639,3
1640,5
1641,10
1642,9
1643,6
1644,7
1645,6
1646,10
1647,3
1648,3
1649,4
1650,10
1651,2
1652,4
1653,14
1654,9
1655,6
1656,8
1657,4
1658,4
1659,7
1660,4
1661,10
1662,6
1663,4
1664,7
1665,1
1666,5
1667,7
1668,2
1669,8
1670,7
1671,6
1672,3
1673,12
1674,4
1676,7
1677,10
1678,6
1679,9
1680,5
1681,4
1682,5
1683,4
1684,3
1685,10
1686,1
1687,9
1688,7
1689,4
1690,4
1691,8
1692,2
1693,5
1694,8
1695,6
1696,7
1697,5
1698,3
1699,5
1700,2
1701,7
1702,3
1703,4
1704,5
1705,7
1706,6
1707,3
1708,4
1709,6
1710,3
1711,4
1712,6
1713,4
1714,2
1715,9
1716,7
1717,5
1718,5
1719,7
1720,5
1721,3
1722,4
1723,10
1724,4
1725,3
1726,5
1727,5
1728,6
1729,11
1730,8
1731,6
1732,4
1733,7
1734,5
1735,4
1736,5
1737,4
1738,10
1739,7
1740,6
1741,8
1742,10
1743,2
1744,5
1746,3
1747,6
1748,5
1749,8
1750,4
1751,5
1752,5
1753,6
1754,5
1755,6
1756,4
1757,11
1758,3
1759,5
1760,2
1761,3
1762,4
1763,9
1764,7
1765,2
1766,7
1767,5
1768,4
1769,5
1770,10
1771,7
1772,3
1773,10
1774,6
1775,6
1776,4
1777,6
1778,8
1779,6
1780,3
1781,5
1782,7
1783,9
1784,10
1786,6
1787,5
1788,4
1789,4
1790,5
1791,8
1792,1
1793,7
1794,9
1795,2
1796,2
1797,8
1798,2
1799,1
1800,7
1801,4
1802,4
1803,10
1804,7
1805,3
1806,3
1807,6
1808,8
1809,4
1810,4
1811,4
1812,5
1813,8
1814,7
1815,6
1816,4
1817,2
1818,4
1819,2
1820,2
1821,2
1822,8
1823,3
1824,5
1825,6
1826,5
1827,5
1828,5
1829,3
1830,5
1831,4
1832,6
1833,8
1834,6
1835,4
1836,6
1837,2
1838,4
1839,12
1840,3
1841,3
1842,2
1843,3
1844,6
1845,4
1846,5
1847,1
1848,4
1849,1
1850,2
1851,4
1852,1
1854,3
1855,6
1856,6
1857,7
1858,2
1859,3
1860,7
1861,5
1862,5
1863,4
1864,5
1865,4
1866,4
1867,3
1868,2
1869,7
1870,6
1871,6
1872,3
1873,5
1874,7
1875,8
1876,4
1877,3
1878,7
1879,8
1880,7
1881,2
1882,5
1883,9
1884,9
1885,6
1886,9
1887,6
1888,7
1889,8
1890,4
1891,8
1892,5
1893,8
1894,5
1895,7
1896,9
1897,4
1898,4
1899,2
1900,5
1901,2
1902,14
1903,9
1904,5
1905,6
1906,10
1907,3
1908,3
1909,2
1910,5
1911,7
1912,7
1913,3
1914,9
1915,4
1916,4
1917,5
1918,8
1919,4
1920,7
1921,5
1922,5
1923,4
1924,7
1925,5
1926,4
1927,5
1928,4
1929,3
1930,5
1931,5
1932,3
1933,7
1934,3
1935,4
1936,2
1938,2
1939,3
1940,7
1941,3
1942,3
1943,4
1944,6
1945,5
1946,5
1947,7
1948,7
1949,4
1950,4
1951,4
1952,5
1953,6
1954,4
1955,6
1956,4
1957,4
1958,7
1959,5
1960,5
1961,2
1962,5
1963,3
1964,2
1965,6
1966,4
1967,10
1968,6
1969,4
1970,6
1971,1
1972,5
1973,6
1974,6
1975,4
1976,3
1977,3
1978,2
1979,3
1980,5
1981,6
1982,3
1983,7
1984,1
1985,1
1986,5
1987,6
1988,3
1989,3
1990,6
1991,7
1992,6
1993,5
1994,2
1995,5
1996,5
1997,5
1998,6
1999,19
2000,3
2001,4
2002,4
2003,3
2004,3
2005,2
2006,3
2007,2
2008,7
2009,2
2010,3
2011,3
2012,5
2013,3
2014,3
2015,4
2016,4
2017,9
2018,3
2020,4
2021,5
2022,5
2023,8
2024,4
2026,2
2027,1
2028,7
2029,2
2030,3
2031,2
2032,6
2033,4
2034,4
2035,2
2036,3
2037,2
2038,5
2039,2
2040,1
2042,3
2043,6
2044,7
2045,8
2046,4
2047,5
2048,4
2049,4
2050,1
2051,2
2052,6
2053,6
2055,3
2056,6
2057,3
2058,3
2059,3
2060,2
2061,4
2062,5
2063,5
2064,2
2065,3
2066,5
2067,4
2068,2
2069,8
2070,9
2071,5
2072,1
2073,5
2074,4
2075,6
2076,5
2077,6
2078,12
2079,3
2080,10
2081,8
2082,2
2083,3
2084,5
2085,4
2086,7
2087,5
2088,3
2089,2
2090,1
2092,3
2093,10
2094,4
2095,2
2096,4
2097,1
2098,2
2099,5
2100,10
2101,6
2102,4
2103,4
2104,8
2105,2
2106,6
2107,2
2108,4
2109,3
2110,5
2111,1
2112,6
2113,4
2114,4
2115,4
2116,4
2117,3
2118,4
2119,5
2120,6
2121,5
2122,3
2123,2
2124,3
2125,4
2126,6
2127,5
2128,4
2129,5
2130,5
2131,10
2132,2
2133,2
2134,5
2135,6
2136,5
2137,3
2138,7
2139,7
2140,3
2142,8
2143,3
2144,5
2145,4
2146,3
2147,3
2148,3
2149,6
2150,3
2151,4
2152,8
2153,5
2154,4
2155,6
2156,6
2157,4
2158,7
2159,6
2160,4
2161,8
2162,10
2163,8
2164,10
2165,4
2166,8
2167,2
2168,12
2169,7
2170,1
2171,6
2172,7
2173,5
2174,1
2175,7
2176,9
2177,2
2178,6
2179,7
2180,4
2181,6
2182,7
2183,3
2184,3
2185,3
2186,8
2187,7
2188,4
2189,5
2190,4
2191,7
2192,3
2193,6
2194,9
2195,4
2196,6
2197,7
2198,11
2199,6
2200,5
2201,7
2202,3
2203,6
2204,3
2205,5
2206,5
2207,7
2208,2
2209,4
2210,3
2211,3
2212,3
2213,4
2214,6
2215,1
2216,4
2217,4
2218,6
2219,6
2220,3
2221,4
2222,8
2223,7
2225,4
2226,2
2227,4
2228,5
2229,4
2230,6
2231,5
2232,10
2233,4
2234,4
2235,5
2236,5
2237,5
2238,1
2239,3
2240,8
2241,5
2242,5
2243,8
2245,6
2246,3
2247,5
2248,8
2249,2
2250,6
2251,7
2252,4
2253,3
2254,9
2255,4
2258,4
2259,4
2260,5
2261,3
2262,4
2263,5
2264,6
2265,4
2266,4
2267,5
2268,4
2269,3
2270,11
2271,5
2272,6
2273,12
2274,1
2275,2
2276,4
2277,4
2278,7
2279,6
2280,5
2281,2
2282,6
2283,2
2284,4
2285,3
2286,10
2287,3
2288,4
2289,5
2290,8
2291,2
2292,4
2293,5
2294,3
2295,7
2296,2
2297,4
2298,5
2299,8
2300,8
2301,6
2302,5
2303,5
2304,9
2305,10
2306,9
2307,17
2308,7
2309,3
2310,3
2311,5
2312,4
2313,2
2314,5
2315,11
2316,3
2317,6
2318,3
2319,11
2320,7
2321,11
2322,3
2323,4
2324,3
2325,11
2326,9
2327,4
2328,5
2329,9
2330,6
2331,10
2332,5
2333,5
2334,7
2335,2
2336,6
2337,5
2338,10
2339,5
2340,4
2341,6
2342,7
2343,5
2344,10
2345,6
2346,5
2347,6
2348,5
2349,3
2350,2
2351,3
2352,3
2353,5
2354,4
2355,4
2356,5
2357,9
2358,4
2359,6
2360,9
2361,3
2362,3
2363,9
2364,10
2365,14
2366,8
2367,11
2368,15
2369,8
2370,5
2371,10
2372,17
2373,9
2374,6
2375,12
2376,7
2377,14
2378,6
2379,11
2380,4
2381,21
2382,8
2383,5
2384,4
2385,7
2386,18
2387,7
2388,9
2389,13
2390,5
2391,11
2392,14
2393,24
2394,15
2395,15
2396,13
2397,13
2398,21
2399,20
2400,26
2401,20
2402,22
2403,16
2404,21
2405,16
2406,45
2407,9
2408,23
2409,27
2410,16
2411,15
2412,26
2413,14
2414,12
2415,18
2416,11
2417,23
2418,20
2419,13
2420,16
2421,18
2422,11
2423,16
2424,10
2425,10
2426,16
2427,20
2428,16
2429,19
2430,5
2431,9
2432,14
2433,14
2434,16
2435,8
2436,17
2437,27
2438,20
2439,9
2440,16
2441,17
2442,21
2443,10
2444,18
2445,18
2446,26
2447,28
2448,18
2449,24
2450,10
2451,35
2452,27
2453,17
2454,15
2455,37
2456,13
2457,16
2458,12
2459,20
2460,23
2461,26
2462,8
2463,17
2464,13
2465,21
2466,13
2467,7
2468,13
2469,25
2470,14
2471,24
2472,19
2473,18
2474,23
2475,16
2476,16
2477,20
2478,13
2479,18
2480,8
2481,16
2482,23
2483,9
2484,25
2485,12
2486,13
2487,24
2488,17
2489,12
2490,20
2491,10
2492,16
2493,16
2494,18
2495,10
2496,14
2497,9
2498,3
2499,17
2500,4
2501,11
2502,6
2503,15
2504,7
2505,12
2506,11
2507,11
2508,17
2509,14
2510,10
2511,16
2512,11
2513,12
2514,7
2515,17
2516,16
2517,4
2518,8
2519,9
2520,11
2521,14
2522,6
2523,4
2524,3
2525,4
2526,12
2527,6
2528,15
2529,7
2530,1
2531,5
2532,23
2533,10
2534,12
2535,9
2536,4
2537,3
2538,5
2539,5
2540,6
2541,11
2542,5
2543,9
2544,2
2545,10
2546,9
2547,7
2548,12
2549,5
2550,13
2551,13
2552,3
2553,3
2554,5
2555,19
2556,5
2557,8
2558,7
2559,11
2560,2
2561,8
2562,6
2563,6
2564,5
2565,6
2566,3
2567,9
2568,2
2569,3
2570,3
2571,3
2572,6
2573,3
2574,4
2575,8
2576,6
2577,8
2578,2
2579,1
2580,12
2581,4
2582,10
2583,5
2584,7
2585,6
2586,8
2587,5
2588,2
2589,3
2590,4
2591,4
2592,10
2593,6
2594,7
2595,2
2596,3
2597,3
2598,5
2599,9
2600,5
2601,4
2602,4
2603,4
2604,2
2605,1
2606,2
2607,6
2608,5
2609,2
2610,6
2611,4
2612,6
2613,7
2614,4
2615,1
2616,7
2617,2
2618,1
2619,3
2620,3
2621,2
2622,3
2623,7
2624,5
2625,9
2627,6
2628,4
2629,5
2630,6
2631,6
2632,5
2633,3
2634,10
2635,2
2636,5
2637,4
2638,2
2639,5
2640,6
2641,3
2642,1
2643,10
2644,5
2645,5
2646,5
2647,3
2648,5
2649,1
2650,10
2651,6
2652,7
2653,3
2654,3
2655,5
2656,8
2657,6
2658,1
2659,8
2660,6
2661,3
2662,12
2663,4
2664,9
2665,4
2666,4
2667,11
2668,6
2669,4
2670,6
2671,3
2672,2
2673,8
2674,7
2675,11
2676,2
2677,4
2678,11
2679,3
2680,4
2681,2
2682,3
2683,5
2684,7
2685,4
2686,3
2687,4
2688,5
2689,4
2690,4
2692,3
2693,9
2694,7
2695,2
2696,3
2697,8
2698,5
2699,4
2700,2
2701,4
2702,3
2703,4
2704,2
2705,6
2706,5
2707,5
2708,11
2709,3
2710,10
2711,9
2712,8
2713,4
2714,5
2715,4
2716,1
2717,4
2718,4
2719,7
2720,3
2721,12
2722,5
2723,5
2724,8
2725,6
2726,7
2727,3
2728,6
2729,6
2730,8
2731,19
2732,14
2733,11
2734,4
2735,13
2736,9
2737,5
2738,1
2739,9
2740,10
2741,9
2742,11
2743,4
2744,14
2745,13
2746,10
2747,9
2748,12
2749,14
2750,21
2751,15
2752,11
2753,14
2754,18
2755,17
2756,11
2757,14
2758,9
2759,25
2760,27
2761,25
2762,18
2763,14
2764,19
2765,15
2766,26
2767,13
2768,23
2769,22
2770,12
2771,16
2772,22
2773,21
2774,9
2775,25
2776,21
2777,22
2778,21
2779,30
2780,39
2781,24
2782,20
2783,24
2784,23
2785,35
2786,25
2787,39
2788,25
2789,30
2790,35
2791,30
2792,39
2793,32
2794,35
2795,37
2796,40
2797,37
2798,23
2799,35
2800,51
2801,30
2802,31
2803,43
2804,31
2805,35
2806,23
2807,49
2808,42
2809,24
2810,41
2811,40
2812,44
2813,28
2814,52
2815,37
2816,29
2817,48
2818,32
2819,42
2820,50
2821,53
2822,55
2823,26
2824,39
2825,35
2826,46
2827,43
2828,33
2829,51
2830,51
2831,43
2832,67
2833,47
2834,50
2835,35
2836,34
2837,52
2838,48
2839,56
2840,50
2841,53
2842,39
2843,40
2844,45
2845,45
2846,50
2847,56
2848,47
2849,38
2850,44
2851,34
2852,49
2853,51
2854,38
2855,24
2856,50
2857,33
2858,52
2859,29
2860,51
2861,31
2862,28
2863,35
2864,32
2865,45
2866,31
2867,55
2868,36
2869,18
2870,29
2871,47
2872,28
2873,24
2874,33
2875,39
2876,47
2877,30
2878,46
2879,42
2880,36
2881,33
2882,27
2883,59
2884,30
2885,36
2886,30
2887,34
2888,25
2889,32
2890,30
2891,31
2892,30
2893,35
2894,32
2895,41
2896,25
2897,17
2898,23
2899,39
2900,21
2901,28
2902,34
2903,18
2904,23
2905,25
2906,23
2907,26
2908,16
2909,21
2910,15
2911,24
2912,22
2913,21
2914,25
2915,18
2916,16
2917,17
2918,15
2919,22
2920,17
2921,20
2922,17
2923,24
2924,16
2925,11
2926,10
2927,24
2928,18
2929,16
2930,13
2931,12
2932,18
2933,10
2934,22
2935,22
2936,16
2937,12
2938,18
2939,10
2940,16
2941,7
2942,13
2943,15
2944,10
2945,13
2946,12
2947,5
2948,16
2949,8
2950,15
2951,15
2952,18
2953,8
2954,7
2955,13
2956,13
2957,14
2958,9
2959,3
2960,12
2961,8
2962,11
2963,10
2964,7
2965,21
2966,11
2967,9
2968,5
2969,5
2970,1
2971,8
2972,6
2973,14
2974,5
2975,3
2976,8
2977,4
2978,11
2979,6
2980,6
2981,4
2982,5
2983,5
2984,11
2985,10
2986,9
2987,3
2988,10
2989,11
2990,4
2991,7
2992,6
2993,3
2994,7
2995,1
2996,2
2997,3
2999,5
3000,7
3001,7
3002,3
3003,10
3004,9
3005,5
3006,2
3007,2
3008,7
3009,4
3010,5
3011,5
3012,1
3013,7
3014,3
3015,6
3016,4
3017,3
3018,6
3019,3
3020,4
3021,8
3022,2
3023,9
3024,6
3025,2
3026,4
3027,5
3028,11
3029,4
3030,2
3031,7
3032,3
3033,2
3034,9
3035,3
3036,2
3037,3
3038,1
3039,1
3040,4
3041,8
3042,2
3043,2
3044,3
3045,1
3046,2
3049,11
3050,1
3051,3
3052,1
3053,1
3054,6
3056,1
3057,1
3059,2
3060,3
3061,4
3062,4
3063,2
3064,4
3067,1
3068,1
3069,3
3070,5
3071,5
3072,2
3073,2
3074,4
3075,1
3077,2
3078,2
3079,1
3080,1
3081,3
3082,3
3083,3
3086,6
3087,2
3089,7
3090,1
3091,1
3092,1
3094,2
3095,2
3097,7
3098,2
3099,3
3100,1
3101,5
3102,5
3104,3
3105,2
3106,2
3108,3
3109,3
3111,3
3112,3
3113,2
3114,2
3115,4
3116,4
3117,9
3119,2
3120,1
3121,1
3122,1
3123,1
3124,4
3125,2
3127,3
3128,1
3129,7
3130,1
3131,2
3132,1
3133,7
3134,2
3135,2
3136,3
3137,2
3138,6
3139,1
3141,2
3142,1
3143,2
3144,1
3145,1
3146,2
3147,1
3149,2
3150,2
3151,2
3152,1
3153,2
3154,3
3155,3
3158,2
3159,2
3160,1
3161,3
3162,1
3163,1
3164,2
3165,4
3166,2
3167,6
3168,3
3169,2
3170,3
3172,1
3173,4
3174,1
3176,1
3177,3
3178,2
3179,4
3180,2
3181,2
3182,1
3183,1
3184,7
3185,2
3186,2
3187,2
3188,2
3189,2
3190,2
3191,2
3192,2
3193,5
3195,3
3196,1
3197,1
3198,3
3199,1
3200,3
3201,1
3202,2
3203,1
3205,3
3206,2
3207,2
3209,4
3210,2
3211,6
3212,1
3213,2
3214,2
3216,4
3217,1
3218,3
3219,2
3220,2
3221,4
3222,1
3223,2
3224,8
3227,1
3228,1
3230,2
3231,2
3233,2
3234,2
3236,1
3237,1
3238,1
3240,3
3241,6
3242,2
3243,2
3244,2
3245,1
3246,2
3247,3
3248,3
3249,1
3251,1
3254,1
3255,3
3256,3
3257,4
3258,1
3259,2
3260,2
3261,1
3262,1
3263,4
3264,1
3265,4
3266,2
3267,4
3268,2
3269,3
3270,3
3271,4
3272,3
3273,3
3274,2
3275,4
3276,1
3277,2
3278,5
3279,4
3280,2
3281,4
3282,4
3283,1
3284,2
3285,2
3286,1
3287,2
3289,2
3290,7
3291,2
3292,2
3294,3
3296,3
3298,1
3299,1
3300,1
3301,1
3303,2
3305,1
3306,2
3307,3
3308,3
3309,4
3311,4
3312,2
3313,2
3314,2
3315,1
3318,1
3319,2
3320,3
3321,1
3322,2
3323,1
3324,2
3325,2
3327,1
3329,1
3331,5
3333,1
3334,1
3335,3
3336,2
3337,1
3340,2
3343,2
3344,2
3346,1
3347,2
3349,6
3350,3
3351,1
3352,4
3356,2
3357,1
3358,1
3359,2
3360,2
3361,3
3362,3
3364,6
3365,1
3367,3
3368,1
3370,4
3371,1
3372,1
3373,2
3374,2
3376,1
3377,1
3378,1
3379,2
3380,1
3381,1
3383,1
3384,2
3386,3
3387,3
3388,1
3390,2
3391,2
3393,1
3394,2
3395,3
3397,1
3398,2
3399,1
3400,1
3401,1
3402,4
3403,2
3404,1
3405,1
3406,2
3408,1
3409,3
3411,1
3412,1
3413,4
3414,1
3415,2
3416,1
3417,1
3419,4
3420,1
3422,2
3423,1
3424,1
3425,2
3426,1
3428,2
3429,2
3430,2
3431,1
3432,1
3433,3
3434,2
3435,7
3436,3
3437,1
3438,2
3440,2
3441,5
3443,3
3444,3
3445,2
3446,4
3448,1
3449,3
3450,1
3451,1
3452,6
3453,4
3454,2
3455,4
3456,1
3457,1
3459,2
3460,1
3461,4
3462,3
3463,2
3465,4
3466,1
3467,2
3469,2
3470,1
3471,5
3473,5
3474,1
3475,2
3477,1
3478,2
3481,2
3482,3
3484,2
3485,2
3486,1
3487,2
3489,5
3490,1
3491,1
3492,3
3493,2
3494,3
3496,1
3497,4
3498,1
3500,2
3501,6
3502,2
3503,1
3504,1
3505,1
3507,2
3509,1
3511,1
3512,3
3513,1
3515,2
3517,5
3518,1
3520,2
3521,2
3523,1
3524,1
3525,2
3526,1
3527,5
3528,3
3529,3
3530,2
3531,8
3532,6
3533,3
3535,1
3536,2
3537,1
3538,1
3539,4
3540,2
3541,3
3542,1
3544,3
3545,3
3546,1
3547,2
3548,4
3549,2
3550,3
3552,4
3553,3
3554,2
3555,3
3556,5
3557,2
3558,2
3559,5
3560,6
3561,2
3562,2
3563,2
3564,3
3565,3
3566,3
3567,2
3569,3
3570,3
3573,2
3575,2
3577,1
3579,1
3580,3
3581,8
3583,1
3584,3
3585,2
3586,4
3587,3
3588,3
3589,2
3593,4
3594,1
3596,2
3598,5
3599,2
3600,4
3601,2
3602,1
3603,3
3604,4
3605,3
3608,5
3609,4
3610,1
3611,5
3613,4
3614,9
3617,4
3618,7
3620,4
3621,4
3622,1
3623,5
3624,2
3625,1
3626,8
3627,5
3630,2
3632,2
3634,6
3635,6
3636,1
3638,9
3639,9
3641,3
3642,2
3643,1
3644,7
3645,5
3647,1
3649,10
3650,14
3651,8
3652,7
3653,13
3654,2
3655,9
3656,4
3657,3
3658,5
3659,7
3660,1
3661,6
3662,13
3663,4
3664,5
3665,6
3666,9
3667,16
3668,5
3669,7
3670,6
3671,2
3672,5
3673,7
3674,9
3675,10
3676,8
3677,10
3678,18
3679,10
3680,16
3681,18
3682,16
3683,11
3684,1
3685,9
3686,25
3687,7
3688,26
3689,6
3690,4
3692,13
3693,12
3694,9
3695,7
3696,16
3697,4
3698,9
3700,5
3701,7
3702,7
3703,13
3704,18
3705,7
3706,8
3707,5
3708,13
3709,12
3710,3
3711,3
3712,14
3713,11
3714,6
3715,10
3716,10
3717,11
3718,7
3719,12
3720,9
3721,8
3722,3
3723,12
3724,17
3725,30
3726,8
3727,16
3728,7
3729,12
3730,14
3731,10
3732,7
3733,13
3734,30
3735,11
3736,3
3737,5
3738,14
3739,10
3740,6
3741,10
3742,21
3743,6
3744,6
3745,2
3746,13
3747,13
3748,24
3749,12
3750,16
3751,17
3752,15
3753,6
3754,4
3755,16
3756,13
3757,10
3758,1
3759,5
3760,18
3761,10
3762,3
3763,20
3764,8
3765,4
3766,4
3767,21
3768,3
3769,4
3770,4
3771,9
3772,8
3773,9
3774,4
3775,4
3776,7
3777,6
3778,3
3779,19
3780,9
3781,9
3782,8
3783,6
3784,7
3785,5
3786,7
3787,4
3788,16
3789,5
3790,2
3791,9
3792,3
3793,4
3794,2
3795,1
3796,4
3797,5
3798,1
3799,12
3800,3
3801,6
3802,2
3803,7
3804,7
3805,4
3806,8
3807,1
3808,2
3809,5
3810,4
3811,13
3812,1
3813,3
3814,5
3815,7
3816,15
3817,11
3818,1
3819,3
3820,9
3821,17
3822,5
3823,1
3824,4
3825,9
3826,6
3827,7
3828,2
3829,1
3830,12
3831,4
3832,4
3833,2
3834,3
3835,3
3836,9
3837,5
3838,2
3839,3
3840,3
3841,9
3842,8
3843,1
3847,1
3848,3
3849,1
3850,1
3851,3
3852,1
3853,1
3857,2
3858,1
3859,1
3860,1
3862,3
3863,3
3864,2
3865,3
3866,3
3870,1
3871,2
3873,1
3875,6
3876,5
3877,2
3878,4
3879,6
3880,4
3881,1
3882,1
3883,4
3884,3
3885,2
3886,2
3887,3
3888,3
3889,4
3890,4
3891,3
3893,1
3895,2
3896,3
3897,3
3898,3
3899,2
3901,1
3902,1
3903,2
3904,5
3905,2
3907,2
3908,2
3909,1
3910,3
3911,2
3912,3
3917,1
3918,2
3920,2
3921,5
3923,8
3925,3
3926,8
3927,4
3928,2
3929,5
3932,1
3935,3
3937,1
3938,4
3939,1
3940,1
3941,1
3942,1
3944,1
3945,2
3946,1
3947,3
3949,1
3951,1
3952,1
3953,3
3956,1
3959,3
3960,2
3961,3
3963,4
3965,2
3966,1
3967,3
3968,1
3970,9
3971,1
3972,1
3974,3
3975,2
3976,5
3977,1
3978,2
3979,4
3981,3
3983,1
3984,1
3985,3
3987,1
3988,2
3989,9
3990,2
3991,3
3992,2
3993,2
3994,1
3995,3
3996,2
3997,3
3999,2
4000,1
4001,1
4003,5
4005,1
4006,3
4007,1
4008,1
4009,5
4010,1
4011,1
4012,2
4013,7
4014,3
4016,2
4017,2
4019,5
4021,5
4023,2
4024,2
4026,1
4027,4
4028,1
4031,3
4034,1
4035,1
4038,1
4040,1
4041,3
4042,1
4043,2
4045,3
4046,5
4047,1
4049,11
4050,1
4051,4
4052,1
4057,1
4058,1
4060,2
4063,2
4064,4
4065,1
4066,1
4067,3
4069,3
4072,1
4074,2
4075,1
4077,2
4079,1
4080,2
4081,1
4082,2
4083,1
4084,1
4085,1
4086,3
4088,1
4091,1
4094,1
4095,1
4096,1
4097,3
4099,1
4100,1
4103,2
4105,1
4108,5
4109,3
4110,3
4111,1
4112,1
4113,1
4114,1
4115,6
4116,4
4118,1
4120,3
4123,5
4124,4
4125,1
4126,1
4127,1
4128,2
4129,2
4133,1
4134,1
4137,3
4141,3
4142,1
4145,5
4146,1
4148,1
4150,1
4152,2
4153,2
4154,1
4155,2
4157,2
4158,1
4161,2
4162,1
4163,2
4165,4
4166,2
4167,1
4171,3
4172,1
4177,1
4178,1
4179,1
4181,2
4182,1
4183,1
4185,5
4187,4
4188,1
4190,4
4192,1
4193,4
4194,1
4195,2
4198,3
4199,2
4201,6
4206,1
4207,1
4213,1
4215,2
4216,1
4217,1
4219,2
4220,3
4221,1
4223,1
4224,1
4225,1
4226,1
4227,1
4231,3
4232,1
4233,2
4235,4
4236,2
4239,1
4240,1
4241,1
4242,1
4243,1
4244,2
4245,2
4248,1
4249,1
4250,1
4253,1
4256,1
4258,2
4259,1
4260,3
4261,1
4262,2
4263,1
4264,2
4265,4
4266,2
4269,3
4270,1
4271,1
4273,1
4274,1
4275,1
4277,1
4278,11
4280,1
4282,1
4283,1
4285,1
4286,1
4288,2
4295,1
4297,1
4298,1
4302,1
4305,2
4306,5
4307,2
4309,1
4310,1
4311,2
4314,2
4315,3
4317,4
4318,1
4320,3
4323,1
4327,2
4329,3
4330,2
4331,1
4335,1
4337,2
4338,1
4339,1
4340,2
4341,2
4342,2
4343,1
4345,1
4346,1
4347,2
4350,2
4351,3
4353,5
4355,2
4356,1
4357,3
4360,1
4361,2
4363,2
4364,1
4365,1
4366,1
4367,1
4369,1
4373,1
4376,1
4379,2
4380,1
4382,1
4383,1
4384,2
4387,4
4388,2
4389,1
4390,2
4391,3
4392,1
4393,2
4395,1
4396,3
4397,3
4398,2
4399,2
4401,8
4402,1
4403,4
4405,2
4406,2
4407,3
4409,1
4411,5
4413,2
4414,1
4417,6
4418,1
4420,1
4421,1
4422,1
4423,2
4424,1
4425,1
4427,1
4429,2
4432,1
4433,1
4435,1
4436,1
4438,2
4439,1
4440,1
4441,2
4444,1
4445,1
4446,1
4447,2
4450,2
4451,3
4453,3
4457,2
4459,1
4461,2
4462,1
4463,2
4467,2
4468,1
4471,1
4473,1
4474,1
4483,1
4484,1
4485,4
4486,1
4487,4
4489,1
4491,1
4492,1
4493,4
4495,1
4497,1
4498,1
4499,2
4503,1
4507,1
4508,1
4510,1
4511,2
4515,1
4516,1
4517,4
4519,2
4520,1
4523,5
4526,1
4527,1
4528,1
4529,2
4530,1
4533,1
4535,3
4537,2
4541,2
4543,2
4546,1
4547,3
4549,1
4551,3
4555,2
4557,1
4561,1
4562,2
4563,1
4565,2
4566,2
4568,2
4569,1
4572,1
4573,1
4577,1
4579,1
4583,1
4585,2
4587,1
4588,1
4589,2
4595,1
4599,1
4601,1
4602,2
4603,1
4605,1
4608,1
4609,1
4611,1
4612,1
4613,3
4615,1
4617,1
4619,1
4624,1
4627,2
4630,3
4633,1
4643,1
4644,1
4645,3
4646,1
4647,1
4648,1
4652,1
4655,1
4657,2
4658,1
4661,2
4663,1
4670,1
4671,4
4672,2
4674,1
4676,1
4677,2
4678,1
4680,7
4681,1
4683,1
4685,1
4686,1
4687,2
4691,1
4693,3
4695,4
4699,1
4701,2
4703,2
4704,1
4705,2
4709,2
4710,1
4711,2
4712,2
4713,1
4717,1
4721,1
4722,1
4725,2
4727,2
4728,1
4729,1
4730,1
4731,1
4735,1
4738,1
4739,2
4740,2
4744,1
4745,2
4746,2
4747,1
4751,2
4753,2
4755,1
4756,1
4758,2
4761,2
4762,1
4763,3
4765,1
4769,1
4773,1
4775,3
4777,3
4778,1
4779,1
4781,1
4783,1
4786,1
4789,2
4793,3
4796,1
4797,3
4801,2
4802,2
4803,1
4805,1
4807,1
4813,1
4815,2
4818,1
4819,1
4821,2
4822,2
4824,1
4825,2
4826,2
4829,1
4831,2
4832,1
4835,1
4837,1
4838,3
4839,1
4841,2
4844,4
4846,1
4848,2
4850,1
4853,2
4855,1
4858,1
4861,1
4862,1
4863,1
4865,3
4869,4
4870,2
4873,2
4874,1
4875,1
4876,1
4877,1
4878,1
4879,2
4882,2
4883,4
4885,3
4887,1
4888,1
4895,1
4898,1
4901,1
4902,2
4903,2
4904,5
4905,1
4911,1
4913,2
4914,1
4915,2
4919,1
4920,1
4925,2
4927,1
4929,2
4931,1
4932,1
4934,1
4938,1
4939,1
4940,1
4943,2
4945,2
4946,1
4949,1
4951,1
4965,3
4966,1
4969,3
4977,2
4978,1
4979,3
4981,3
4983,2
4985,2
4989,3
4991,2
4993,2
4995,1
4996,2
4997,1
4999,2
5000,1
5001,2
5002,1
5006,1
5007,2
5009,2
5013,1
5014,2
5017,1
5019,2
5022,1
5023,1
5025,2
5026,1
5029,1
5031,1
5032,1
5033,3
5036,1
5037,1
5039,2
5041,1
5045,1
5048,1
5049,2
5051,1
5053,1
5055,1
5057,1
5059,1
5061,1
5062,1
5063,2
5064,1
5069,1
5071,2
5073,2
5075,1
5081,1
5082,1
5083,1
5084,1
5087,2
5089,1
5090,1
5092,1
5094,1
5095,1
5097,1
5100,1
5101,2
5102,2
5103,2
5105,2
5106,1
5109,2
5110,1
5113,1
5115,1
5116,1
5117,1
5118,1
5121,1
5123,3
5125,1
5126,1
5128,1
5129,2
5131,7
5133,2
5135,1
5137,1
5138,1
5139,2
5142,1
5146,1
5147,1
5148,1
5149,1
5150,1
5155,1
5157,1
5159,2
5165,2
5167,1
5168,1
5169,1
5171,1
5172,1
5173,3
5177,2
5178,1
5179,2
5183,2
5185,2
5187,2
5191,1
5192,1
5193,2
5195,3
5197,2
5198,2
5199,1
5203,1
5204,1
5205,3
5207,3
5209,1
5211,2
5212,1
5213,1
5216,1
5217,1
5219,2
5222,1
5224,1
5225,1
5227,1
5228,1
5229,2
5230,1
5231,3
5232,2
5233,2
5237,1
5239,3
5241,2
5243,1
5246,1
5247,1
5251,1
5253,1
5255,1
5257,1
5258,1
5260,1
5261,1
5264,2
5268,1
5271,2
5273,1
5277,3
5281,1
5288,1
5289,1
5291,4
5293,2
5299,1
5300,1
5301,3
5303,2
5305,1
5309,2
5311,3
5317,2
5318,1
5319,1
5321,1
5322,1
5323,1
5326,1
5328,2
5329,2
5330,1
5337,1
5339,1
5340,1
5341,1
5344,1
5347,1
5350,1
5351,1
5352,2
5353,2
5355,1
5357,3
5359,1
5360,1
5361,2
5364,1
5367,1
5370,1
5371,3
5372,1
5377,2
5381,1
5383,1
5386,1
5387,1
5389,5
5392,1
5393,1
5397,1
5398,1
5402,1
5407,1
5409,1
5410,1
5411,1
5413,1
5415,1
5419,1
5420,2
5421,1
5423,1
5424,1
5425,1
5429,4
5431,2
5433,1
5434,1
5435,1
5436,1
5437,1
5438,1
5439,1
5443,2
5445,1
5451,2
5452,1
5455,3
5461,1
5463,1
5465,4
5468,1
5470,1
5473,1
5475,1
5476,1
5477,1
5483,1
5485,1
5486,1
5487,1
5491,2
5492,1
5493,2
5499,1
5504,1
5506,1
5507,1
5509,1
5510,2
5512,1
5513,2
5514,5
5518,2
5521,1
5527,3
5528,1
5530,3
5533,1
5536,1
5539,2
5540,5
5541,2
5542,1
5543,3
5544,1
5547,1
5549,1
5553,1
5559,1
5560,2
5561,1
5566,1
5569,1
5571,8
5575,1
5579,1
5581,1
5582,2
5586,1
5587,1
5589,3
5591,1
5596,1
5597,2
5598,1
5599,1
5601,1
5603,1
5606,2
5609,2
5610,2
5611,1
5613,1
5615,1
5616,1
5617,1
5624,1
5625,3
5627,1
5633,4
5635,1
5637,1
5641,1
5642,1
5644,1
5646,6
5647,1
5648,2
5651,3
5653,2
5654,1
5655,1
5656,4
5659,4
5663,3
5667,1
5669,1
5677,2
5679,1
5682,1
5684,1
5685,1
5686,1
5689,1
5691,1
5693,1
5694,1
5696,1
5697,1
5698,1
5699,1
5700,1
5701,1
5703,1
5706,1
5709,1
5710,1
5711,1
5713,2
5715,1
5717,5
5719,2
5720,1
5725,2
5729,1
5736,1
5737,1
5739,6
5740,2
5741,2
5745,1
5746,1
5747,1
5750,1
5751,1
5752,1
5753,1
5755,1
5757,1
5758,1
5760,1
5761,2
5763,1
5767,1
5770,3
5771,1
5773,1
5774,2
5779,3
5782,1
5785,2
5787,3
5789,1
5790,1
5791,1
5793,1
5799,1
5800,1
5801,1
5803,1
5806,1
5808,1
5809,1
5811,2
5812,2
5813,2
5817,1
5821,5
5825,1
5827,3
5830,1
5833,1
5835,1
5836,2
5843,1
5844,1
5851,2
5855,1
5857,1
5859,1
5861,1
5863,1
5865,2
5867,1
5869,1
5870,1
5871,2
5875,1
5877,1
5878,1
5881,3
5885,3
5889,2
5893,2
5894,1
5897,2
5899,4
5901,2
5903,2
5904,1
5906,1
5907,1
5909,2
5913,3
5915,1
5917,1
5921,1
5926,1
5927,1
5929,1
5931,1
5933,3
5934,2
5937,1
5939,1
5943,1
5945,2
5947,2
5949,2
5956,1
5960,1
5962,1
5963,3
5965,3
5966,1
5967,1
5969,1
5970,1
5973,2
5974,1
5975,1
5978,1
5987,1
5989,2
5990,3
5994,3
5995,2
5999,2
6003,1
6004,1
6005,1
6007,1
6008,2
6009,1
6013,1
6017,1
6020,1
6021,2
6025,1
6027,1
6028,1
6029,1
6030,1
6031,1
6035,2
6037,1
6039,2
6044,2
6045,1
6047,1
6051,2
6054,1
6057,1
6058,1
6059,1
6061,2
6062,1
6063,1
6064,1
6065,2
6067,2
6069,1
6070,1
6073,2
6074,2
6075,2
6076,1
6077,1
6079,2
6080,2
6084,1
6085,3
6089,1
6090,1
6091,1
6095,1
6097,1
6105,3
6107,1
6109,1
6111,2
6113,1
6114,3
6117,2
6119,1
6124,3
6125,1
6130,1
6131,1
6132,1
6134,1
6135,1
6136,1
6137,2
6139,3
6141,1
6145,2
6149,1
6151,1
6164,1
6165,1
6171,1
6177,1
6183,1
6189,2
6190,2
6191,1
6193,1
6195,2
6198,1
6201,1
6202,1
6203,2
6208,1
6209,6
6211,1
6215,1
6218,1
6223,2
6225,1
6229,1
6231,1
6232,1
6233,1
6235,1
6238,1
6241,2
6243,1
6245,1
6247,1
6249,7
6253,2
6255,1
6256,1
6257,1
6259,1
6260,1
6262,1
6263,1
6267,1
6269,1
6271,1
6273,1
6274,2
6275,1
6277,1
6278,1
6281,5
6283,1
6286,1
6287,1
6289,1
6291,3
6292,1
6295,1
6297,1
6299,1
6301,2
6304,1
6305,1
6306,1
6307,2
6309,4
6310,1
6312,1
6317,2
6321,1
6322,1
6324,1
6333,1
6339,1
6341,1
6343,1
6344,1
6345,1
6349,1
6350,1
6351,1
6354,1
6355,1
6356,1
6358,1
6361,1
6365,3
6366,2
6367,1
6369,2
6376,1
6379,2
6380,3
6382,1
6385,2
6386,1
6389,1
6392,1
6393,1
6395,1
6399,2
6401,1
6404,1
6407,1
6408,1
6409,1
6410,1
6411,2
6412,1
6413,1
6415,2
6417,1
6421,1
6423,1
6427,3
6428,2
6429,2
6433,1
6434,1
6435,1
6439,1
6441,1
6447,1
6451,1
6454,2
6455,3
6457,2
6459,1
6463,2
6469,1
6473,1
6475,1
6477,1
6479,1
6481,1
6485,1
6488,1
6491,1
6493,1
6494,1
6497,5
6501,1
6507,1
6508,1
6511,1
6515,1
6516,2
6517,1
6519,2
6520,1
6521,1
6522,1
6523,3
6527,1
6531,1
6537,2
6538,1
6542,1
6543,2
6545,3
6550,2
6555,1
6556,1
6557,1
6559,1
6560,1
6563,1
6569,2
6570,1
6573,1
6575,2
6577,2
6581,1
6585,1
6588,2
6589,3
6593,1
6594,1
6599,1
6601,1
6602,1
6603,1
6607,1
6609,1
6610,1
6611,1
6617,3
6618,1
6621,2
6630,1
6634,1
6637,2
6643,5
6644,1
6647,2
6649,1
6651,2
6653,1
6657,1
6661,1
6662,1
6663,1
6665,1
6671,1
6672,2
6674,1
6675,2
6677,2
6681,2
6685,1
6690,1
6693,2
6695,1
6699,2
6701,1
6705,1
6706,1
6709,1
6712,1
6713,1
6715,1
6716,1
6717,1
6718,1
6720,1
6723,1
6724,3
6725,1
6727,1
6728,1
6729,1
6730,1
6731,1
6733,1
6736,1
6738,2
6739,2
6740,2
6744,1
6747,1
6748,1
6755,1
6757,1
6759,2
6762,1
6765,2
6769,4
6771,4
6772,1
6779,1
6780,1
6783,2
6784,1
6785,2
6788,1
6792,1
6794,2
6797,1
6799,1
6800,1
6802,2
6803,1
6804,1
6805,2
6811,1
6813,1
6819,1
6821,1
6822,2
6825,2
6831,1
6832,3
6833,1
6834,1
6835,2
6841,1
6843,1
6845,2
6849,1
6851,2
6853,3
6855,1
6857,1
6862,1
6866,1
6867,3
6869,1
6870,1
6871,3
6873,1
6874,1
6876,1
6877,2
6887,1
6890,1
6891,1
6899,1
6909,1
6911,2
6913,1
6919,1
6926,1
6929,1
6931,1
6933,1
6935,2
6937,1
6938,1
6939,4
6940,1
6941,1
6943,1
6949,1
6952,1
6953,7
6954,1
6957,1
6959,1
6963,2
6967,1
6973,1
6975,1
6977,1
6979,1
6983,2
6984,1
6985,1
6987,1
6991,1
6993,1
6996,1
6998,1
7001,2
7003,2
7004,1
7005,2
7006,2
7013,1
7017,2
7018,1
7021,2
7022,1
7025,1
7032,2
7033,1
7039,1
7040,1
7041,2
7045,1
7049,1
7051,2
7057,1
7060,1
7061,2
7073,1
7078,1
7079,1
7085,2
7087,1
7091,1
7093,1
7094,1
7095,1
7097,1
7099,1
7101,1
7105,2
7107,1
7109,1
7111,1
7113,2
7114,1
7115,1
7117,1
7123,1
7125,2
7127,1
7130,1
7133,1
7135,1
7137,3
7139,1
7141,2
7143,1
7145,1
7149,2
7151,2
7153,1
7158,3
7159,2
7161,3
7163,1
7165,1
7167,1
7169,1
7171,1
7173,1
7175,2
7177,1
7178,2
7181,2
7182,1
7183,1
7185,1
7189,5
7194,1
7197,1
7206,1
7209,1
7213,2
7217,1
7225,1
7227,1
7229,1
7231,2
7233,3
7234,1
7236,1
7237,1
7238,2
7241,1
7245,1
7246,1
7247,1
7249,2
7253,1
7257,2
7261,2
7265,1
7267,1
7269,1
7270,1
7271,1
7273,2
7277,2
7283,1
7285,1
7289,2
7297,1
7307,1
7309,1
7310,1
7311,1
7312,1
7317,1
7321,3
7322,1
7323,3
7325,1
7326,2
7328,1
7329,2
7331,1
7334,1
7349,2
7352,1
7355,1
7359,1
7361,1
7369,1
7371,1
7372,2
7373,1
7375,2
7379,1
7385,1
7389,1
7391,1
7393,1
7397,2
7401,1
7402,1
7403,1
7405,1
7407,1
7409,1
7411,1
7413,3
7415,1
7416,2
7425,4
7426,1
7427,1
7429,1
7431,2
7435,1
7443,1
7445,1
7446,3
7449,2
7450,1
7451,1
7453,2
7458,2
7460,1
7461,1
7463,1
7467,1
7469,1
7473,1
7475,1
7480,1
7481,3
7485,1
7486,1
7488,1
7489,2
7493,1
7501,2
7505,1
7507,2
7511,1
7519,1
7521,1
7522,1
7523,1
7527,1
7533,1
7534,1
7537,1
7538,1
7539,1
7541,1
7547,3
7549,1
7557,1
7558,1
7560,1
7561,1
7563,1
7565,3
7569,2
7571,1
7581,1
7582,1
7585,2
7589,2
7590,1
7593,1
7595,1
7596,2
7599,3
7602,4
7604,1
7607,2
7611,1
7616,2
7617,1
7619,1
7620,1
7621,1
7622,1
7623,1
7624,1
7625,1
7626,2
7627,4
7631,2
7633,1
7634,1
7641,2
7643,1
7645,1
7647,1
7649,1
7651,1
7658,2
7661,2
7662,1
7665,2
7666,1
7667,4
7668,1
7669,1
7670,1
7671,1
7673,1
7675,1
7677,3
7679,1
7685,2
7690,1
7692,1
7694,1
7695,1
7697,2
7700,1
7705,4
7706,1
7710,1
7711,1
7713,1
7715,1
7717,2
7718,2
7721,2
7723,3
7724,1
7729,1
7730,1
7731,2
7733,1
7734,1
7739,3
7741,2
7743,1
7746,1
7747,1
7749,1
7753,1
7754,1
7759,1
7763,2
7765,1
7767,1
7769,2
7771,1
7775,1
7776,1
7778,1
7779,1
7781,1
7783,1
7786,2
7787,1
7789,1
7791,2
7793,2
7795,1
7797,1
7798,1
7802,1
7805,1
7810,1
7813,1
7814,1
7821,3
7823,1
7829,1
7833,2
7835,3
7837,1
7838,2
7844,1
7847,2
7849,3
7853,1
7855,1
7857,1
7858,1
7863,4
7865,1
7871,1
7877,2
7879,1
7881,1
7885,2
7893,1
7896,1
7897,2
7899,1
7903,1
7905,1
7906,1
7913,1
7915,1
7917,1
7921,1
7925,1
7927,1
7929,1
7931,1
7933,1
7934,1
7936,1
7939,1
7940,2
7941,1
7942,1
7949,1
7950,2
7951,2
7952,1
7954,1
7955,1
7957,1
7958,1
7961,1
7963,3
7969,1
7971,1
7973,1
7975,1
7977,1
7981,2
7985,1
7988,1
7997,1
7999,1
8005,1
8007,1
8011,1
8013,3
8014,1
8017,1
8022,1
8023,1
8024,1
8025,1
8027,1
8028,1
8035,1
8037,1
8041,1
8045,1
8049,2
8051,2
8052,1
8056,1
8060,1
8061,1
8065,2
8067,1
8071,1
8077,1
8078,1
8080,1
8081,1
8084,1
8085,3
8086,1
8087,1
8094,2
8099,1
8110,1
8113,1
8115,1
8118,1
8119,1
8123,2
8125,1
8127,1
8129,1
8132,1
8133,4
8135,2
8137,1
8141,1
8143,2
8147,1
8149,3
8151,1
8153,1
8155,1
8157,2
8161,1
8165,1
8166,1
8169,1
8171,1
8172,2
8178,1
8179,3
8187,1
8193,1
8199,2
8202,1
8205,2
8207,1
8209,2
8215,1
8219,1
8221,1
8225,1
8227,1
8229,1
8233,2
8241,4
8247,1
8251,1
8252,2
8253,2
8263,1
8267,1
8269,1
8274,1
8275,2
8276,1
8281,1
8285,1
8286,1
8291,1
8292,1
8293,1
8297,2
8307,2
8309,1
8313,2
8314,2
8317,1
8321,1
8323,2
8328,1
8330,1
8331,1
8333,1
8334,1
8339,3
8350,1
8353,1
8355,1
8357,2
8361,1
8367,1
8368,1
8370,2
8371,3
8379,2
8382,1
8386,1
8391,1
8394,1
8397,1
8399,2
8400,1
8401,1
8405,1
8407,2
8417,3
8418,1
8421,1
8427,1
8433,2
8434,1
8438,1
8441,1
8443,1
8447,1
8448,1
8449,1
8450,1
8451,3
8452,1
8454,1
8455,1
8461,1
8462,1
8469,2
8471,1
8484,1
8486,1
8489,1
8490,1
8494,2
8495,1
8497,1
8501,1
8505,1
8509,1
8516,1
8519,2
8523,1
8527,2
8529,1
8531,1
8534,1
8536,1
8538,1
8539,1
8542,1
8553,1
8555,1
8557,1
8561,1
8562,1
8571,1
8578,1
8579,1
8581,1
8582,1
8583,1
8585,2
8586,1
8587,1
8589,2
8590,1
8593,2
8603,2
8605,2
8607,1
8611,1
8614,1
8618,1
8619,1
8620,1
8621,1
8623,1
8625,1
8626,1
8629,1
8633,1
8637,1
8639,1
8641,2
8643,1
8645,2
8646,1
8652,1
8653,1
8654,1
8656,1
8659,1
8661,1
8666,2
8669,2
8672,2
8673,1
8675,1
8677,1
8681,1
8684,1
8693,1
8695,1
8698,1
8701,2
8705,1
8707,1
8715,1
8719,1
8721,1
8723,1
8726,1
8727,1
8729,1
8730,1
8731,1
8733,1
8734,1
8742,1
8743,2
8745,2
8749,1
8751,1
8755,1
8758,1
8763,1
8769,2
8775,1
8781,1
8785,2
8788,1
8794,2
8795,2
8799,3
8803,1
8805,2
8807,1
8813,2
8816,1
8817,2
8821,1
8823,1
8828,1
8829,1
8834,1
8839,2
8841,1
8845,2
8846,1
8847,2
8850,1
8857,1
8863,1
8865,1
8869,1
8871,1
8874,1
8875,1
8877,2
8881,1
8887,1
8893,1
8895,1
8901,1
8903,2
8905,1
8909,1
8913,2
8915,1
8919,2
8923,2
8925,2
8929,2
8930,1
8931,1
8939,1
8941,1
8943,1
8945,1
8946,1
8947,1
8961,1
8963,1
8967,1
8969,1
8974,1
8977,3
8981,5
8983,2
8987,2
8989,2
8990,1
8993,3
8995,2
9005,3
9006,1
9007,1
9009,1
9011,1
9013,2
9019,1
9021,1
9027,1
9029,1
9032,1
9033,1
9037,2
9038,1
9041,1
9045,1
9047,1
9049,1
9051,1
9058,1
9061,1
9067,2
9075,1
9077,2
9082,1
9085,1
9089,1
9091,1
9093,1
9095,2
9098,1
9101,3
9105,3
9108,1
9109,2
9117,2
9121,1
9123,3
9125,1
9127,1
9129,2
9134,2
9141,2
9145,1
9146,1
9154,1
9155,1
9159,1
9163,1
9165,1
9179,1
9183,1
9184,1
9186,1
9187,2
9191,1
9197,1
9201,1
9203,1
9205,1
9209,2
9213,1
9215,1
9217,1
9223,1
9225,1
9235,2
9237,2
9239,2
9243,1
9245,1
9249,1
9251,1
9253,1
9261,1
9263,2
9267,1
9269,1
9270,1
9273,1
9275,1
9283,1
9289,1
9293,1
9296,1
9301,1
9309,1
9311,1
9315,1
9320,1
9322,1
9323,1
9329,1
9359,1
9360,2
9364,1
9365,2
9367,1
9377,1
9379,1
9383,1
9385,1
9389,1
9393,1
9394,2
9395,1
9397,1
9399,1
9409,1
9410,1
9411,1
9419,1
9423,1
9427,1
9428,2
9429,2
9433,2
9438,1
9440,1
9449,3
9455,1
9457,1
9461,1
9465,1
9466,1
9471,3
9473,1
9479,1
9481,1
9483,2
9487,3
9489,1
9490,2
9493,1
9494,1
9501,1
9503,1
9505,1
9507,1
9510,1
9511,1
9515,2
9517,1
9519,2
9521,2
9525,1
9527,1
9535,1
9538,1
9541,1
9543,2
9550,1
9552,1
9558,1
9559,1
9563,1
9567,1
9569,2
9571,1
9572,1
9577,1
9580,1
9587,2
9589,1
9591,1
9593,1
9595,1
9597,1
9605,2
9607,2
9610,1
9612,1
9613,2
9617,2
9618,1
9621,1
9622,1
9623,1
9627,3
9633,2
9634,1
9637,1
9638,1
9646,1
9650,1
9654,1
9657,1
9662,1
9663,1
9672,1
9678,2
9685,2
9687,1
9690,1
9694,1
9701,3
9704,1
9706,2
9707,1
9709,1
9710,1
9713,1
9719,1
9721,1
9725,1
9727,3
9730,1
9733,1
9737,2
9741,1
9747,1
9749,2
9750,1
9751,1
9757,2
9758,1
9759,1
9763,1
9771,1
9773,1
9778,1
9779,2
9785,2
9787,1
9789,1
9790,1
9791,1
9792,1
9793,2
9803,1
9809,1
9817,1
9819,2
9821,1
9832,1
9833,2
9842,2
9849,1
9850,1
9855,2
9857,1
9858,1
9860,1
9863,1
9865,1
9866,1
9867,1
9870,1
9873,1
9879,2
9883,2
9887,1
9888,1
9889,1
9897,4
9901,1
9902,1
9903,1
9909,1
9910,1
9915,1
9917,1
9921,1
9922,1
9923,1
9926,1
9930,1
9933,1
9935,1
9937,2
9939,1
9942,1
9946,1
9947,1
9953,1
9955,3
9956,1
9959,1
9963,1
9965,1
9970,1
9979,1
9981,1
9985,2
10002,1
10004,1
10015,1
10018,1
10022,1
10025,1
10027,2
10033,1
10037,2
10039,1
10041,1
10051,1
10053,1
10055,1
10059,1
10061,3
10067,1
10071,1
10073,1
10075,1
10079,1
10082,1
10090,1
10091,1
10096,1
10105,1
10106,1
10111,1
10115,1
10117,1
10119,1
10126,1
10127,2
10129,1
10130,1
10133,1
10135,1
10143,1
10149,2
10153,1
10155,1
10161,1
10162,1
10165,1
10166,1
10173,2
10175,1
10181,1
10182,1
10191,1
10193,1
10199,1
10201,2
10207,1
10211,3
10217,1
10219,1
10221,1
10222,1
10229,1
10234,1
10235,2
10237,1
10238,1
10245,1
10251,1
10253,1
10255,1
10262,1
10269,1
10275,1
10285,1
10289,1
10290,1
10291,1
10295,1
10297,1
10299,1
10301,1
10302,1
10311,1
10315,3
10317,1
10321,1
10324,1
10325,1
10333,1
10338,1
10341,1
10346,1
10347,1
10355,1
10362,1
10365,2
10368,1
10369,1
10381,3
10382,1
10385,1
10390,1
10396,1
10397,1
10401,3
10403,1
10405,2
10412,1
10418,1
10420,1
10421,1
10423,1
10425,1
10428,1
10429,1
10431,1
10433,1
10435,1
10438,1
10443,1
10445,2
10449,1
10450,1
10455,1
10457,2
10461,1
10462,1
10467,2
10472,1
10477,2
10478,1
10483,1
10485,1
10490,1
10495,1
10501,2
10505,2
10507,2
10510,1
10511,1
10513,1
10516,1
10519,2
10528,1
10535,1
10541,2
10543,1
10555,1
10558,1
10559,1
10565,2
10570,1
10579,1
10591,1
10593,1
10594,1
10602,1
10603,1
10607,2
10609,1
10613,1
10615,1
10625,2
10628,1
10637,2
10645,1
10646,1
10647,1
10658,1
10662,1
10665,1
10666,1
10667,1
10671,1
10677,1
10701,1
10703,1
10704,1
10705,1
10706,1
10722,1
10723,1
10725,1
10729,1
10734,1
10735,1
10740,1
10741,1
10747,1
10750,2
10751,1
10760,1
10769,1
10772,1
10773,1
10789,1
10795,2
10797,1
10811,1
10817,1
10819,2
10823,1
10826,1
10827,1
10829,1
10831,1
10835,1
10837,2
10840,1
10841,1
10843,1
10844,1
10845,1
10851,1
10861,1
10864,1
10873,1
10875,1
10879,1
10885,1
10893,1
10898,1
10908,1
10909,2
10912,1
10917,1
10929,1
10933,1
10934,1
10939,1
10945,1
10947,1
10949,1
10952,1
10953,1
10959,1
10960,1
10967,1
10969,1
10970,1
10971,1
10973,1
10977,1
10983,2
10985,2
10990,1
10999,2
11015,2
11025,1
11033,1
11045,1
11051,3
11056,1
11057,1
11069,2
11071,1
11077,1
11079,1
11082,1
11085,1
11086,1
11087,1
11094,1
11107,3
11109,1
11114,1
11117,1
11119,1
11125,1
11131,2
11133,1
11137,2
11143,1
11145,1
11146,2
11153,3
11169,2
11175,1
11177,1
11180,1
11181,3
11187,1
11213,2
11225,1
11227,1
11231,1
11237,1
11247,1
11255,1
11263,1
11265,1
11267,1
11270,1
11272,1
11275,2
11281,1
11289,1
11291,1
11299,1
11301,1
11315,1
11329,1
11343,1
11345,1
11354,1
11358,1
11359,1
11364,1
11365,1
11366,1
11367,1
11377,2
11379,1
11389,1
11395,1
11405,1
11407,1
11409,1
11410,1
11411,1
11415,1
11417,1
11419,2
11432,1
11433,1
11435,1
11445,1
11449,1
11455,1
11459,1
11471,1
11474,1
11480,1
11482,1
11485,1
11491,1
11493,1
11505,1
11521,1
11523,2
11527,2
11533,1
11540,1
11543,1
11550,1
11552,1
11553,1
11557,1
11561,1
11566,1
11570,1
11573,2
11579,1
11587,1
11590,1
11591,1
11593,1
11605,1
11606,1
11611,1
11618,1
11619,1
11622,1
11634,1
11641,1
11654,1
11655,1
11659,1
11661,1
11665,1
11674,1
11679,1
11690,1
11691,1
11697,1
11701,1
11706,1
11707,1
11714,1
11716,1
11717,1
11733,1
11741,1
11742,1
11753,1
11774,1
11783,1
11786,1
11791,1
11793,1
11796,1
11800,1
11803,2
11805,1
11811,1
11819,1
11822,1
11827,1
11833,1
11835,2
11843,1
11845,1
11849,1
11853,1
11854,1
11859,1
11873,1
11880,1
11881,1
11883,1
11885,1
11887,1
11888,1
11890,2
11891,1
11899,1
11902,1
11911,1
11917,1
11919,1
11923,1
11925,2
11942,1
11943,1
11947,1
11949,1
11953,1
11997,1
11999,1
12005,1
12011,1
12019,1
12025,1
12027,1
12028,1
12036,1
12042,1
12044,1
12045,2
12053,1
12061,1
12071,2
12077,1
12078,1
12079,1
12081,1
12089,1
12103,1
12105,1
12111,1
12115,1
12135,1
12163,1
12167,1
12183,1
12186,1
12198,1
12211,1
12233,1
12238,1
12246,1
12247,1
12255,1
12261,1
12267,1
12273,1
12279,2
12283,1
12301,1
12309,1
12311,1
12313,1
12319,1
12321,1
12325,1
12327,1
12330,1
12331,1
12334,1
12347,1
12349,1
12354,1
12361,2
12367,1
12405,1
12407,1
12409,1
12417,1
12431,1
12446,1
12454,1
12462,1
12463,1
12475,1
12483,1
12489,1
12495,1
12509,1
12525,3
12530,1
12531,1
12539,1
12565,1
12567,1
12590,1
12597,1
12615,1
12621,1
12625,2
12647,1
12649,2
12651,1
12653,1
12655,1
12661,1
12665,1
12684,1
12709,1
12711,1
12719,1
12722,1
12740,1
12762,1
12766,1
12774,1
12781,1
12801,1
12815,1
12865,1
12869,1
12902,1
12906,1
12907,1
12921,1
12923,2
12936,1
12937,1
12939,1
12941,1
12950,1
12959,1
12963,1
12966,1
12983,1
13006,1
13013,1
13015,1
13034,1
13051,1
13095,1
13137,1
13139,1
13173,1
13177,1
13207,1
13225,1
13229,1
13239,1
13245,1
13259,1
13265,1
13289,1
13292,1
13295,1
13309,1
13321,1
13339,1
13345,1
13353,1
13355,1
13387,1
13413,1
13421,1
13441,1
13467,2
13472,1
13487,1
13493,1
13519,1
13542,1
13543,1
13585,1
13619,1
13633,1
13641,1
13683,1
13693,1
13700,1
13717,1
13741,1
13753,2
13790,1
13809,1
13835,1
13837,1
13859,1
13875,1
13897,1
13973,1
13981,1
14047,1
14052,1
14069,1
14078,1
14086,1
14089,1
14097,1
14119,1
14155,1
14173,1
14175,1
14205,1
14214,1
14225,1
14228,1
14229,1
14241,1
14269,1
14271,1
14283,1
14304,1
14331,1
14340,2
14345,1
14347,1
14369,1
14375,1
14407,1
14419,1
14433,1
14435,1
14489,1
14531,1
14543,1
14549,1
14576,1
14579,1
14589,1
14641,1
14675,2
14697,1
14705,1
14713,1
14722,1
14723,1
14815,1
14849,1
14862,1
14871,1
14880,1
14881,1
14895,1
14921,2
14945,1
14951,1
14966,1
14969,1
14985,1
14995,1
15053,1
15056,1
15087,1
15090,1
15113,1
15125,1
15177,4
15207,1
15230,1
15275,1
15279,1
15283,1
15329,1
15397,1
15423,1
15441,1
15449,2
15459,1
15463,1
15491,1
15493,1
15515,1
15531,1
15541,1
15576,1
15605,1
15630,1
15639,1
15659,1
15683,1
15731,1
15734,1
15737,2
15747,1
15844,1
15849,1
15861,1
15869,1
15878,1
15887,1
15899,1
15905,1
15909,1
16039,1
16057,1
16110,1
16121,1
16141,1
16165,1
16199,1
16209,1
16213,1
16219,1
16341,1
16347,1
16361,1
16367,1
16389,1
16465,1
16481,1
16521,1
16595,1
16628,1
16633,1
16699,1
16707,2
16761,1
16763,1
16795,1
17009,1
17018,1
17037,1
17051,1
17061,1
17065,1
17067,1
17122,1
17123,1
17135,1
17276,1
17296,1
17405,1
17429,1
17431,1
17471,1
17557,1
17569,1
17579,1
17607,1
17689,1
17727,1
17771,1
17779,2
17815,1
17837,1
17858,1
17891,2
17905,1
17931,1
17946,1
17965,1
17971,1
17973,1
18011,1
18013,1
18031,1
18033,1
18042,1
18203,1
18239,1
18263,1
18410,1
18413,2
18467,1
18487,1
18507,1
18535,2
18573,1
18615,1
18649,1
18735,1
18737,1
18749,1
18763,1
18767,1
18778,1
18807,1
18833,1
18949,1
18959,1
19031,1
19043,1
19075,1
19085,2
19092,1
19109,1
19137,1
19139,1
19159,1
19175,1
19177,1
19185,1
19203,1
19219,1
19285,1
19309,1
19359,1
19365,1
19375,1
19409,1
19415,1
19432,1
19459,1
19493,1
19517,1
19533,1
19545,1
19547,1
19587,1
19603,1
19609,1
19707,1
19715,1
19731,1
19767,1
19779,1
19823,1
19829,1
19831,1
19842,1
19855,1
19871,1
19887,1
19973,1
19981,13
19991,1
20024,1
20083,1
20093,1
20181,1
20199,1
20203,1
20223,1
20313,1
20369,1
20373,1
20381,1
20390,3
20473,1
20475,1
20483,4
20505,1
20585,1
20611,1
20647,1
20823,1
20841,2
20880,1
20907,1
20911,1
20921,1
20947,1
20971,1
20983,1
20989,2
21011,1
21023,1
21034,1
21043,1
21081,1
21084,1
21089,1
21093,1
21097,1
21125,1
21141,1
21165,1
21203,1
21217,1
21233,1
21257,1
21261,1
21269,1
21287,1
21299,1
21349,1
21353,1
21427,1
21449,1
21513,1
21527,1
21613,1
21621,1
21685,1
21695,1
21699,1
21702,1
21703,1
21709,1
21723,2
21781,1
21795,1
21851,2
21859,1
21883,1
21899,1
21915,1
21941,1
21969,1
22027,1
22039,1
22071,1
22074,1
22087,1
22103,1
22113,1
22127,1
22137,1
22139,1
22142,1
22183,1
22297,1
22301,1
22305,1
22319,1
22325,1
22336,1
22346,1
22367,1
22377,1
22379,1
22395,1
22409,1
22427,1
22431,1
22446,1
22463,1
22477,1
22491,1
22501,1
22513,1
22517,1
22527,1
22535,1
22604,1
22629,1
22657,1
22679,1
22699,1
22707,1
22711,1
22785,1
22803,1
22831,1
22843,1
22887,1
22903,1
22925,1
22947,1
22969,1
22993,1
23009,1
23031,1
23056,1
23067,1
23081,1
23105,1
23113,1
23133,1
23145,1
23155,1
23175,1
23211,1
23213,1
23231,1
23237,1
23245,1
23249,1
23279,1
23287,1
23315,1
23339,1
23395,1
23397,1
23401,1
23428,1
23449,1
23453,1
23455,1
23456,1
23474,1
23475,1
23477,1
23500,1
23531,1
23545,1
23571,1
23598,1
23625,1
23633,1
23653,1
23675,2
23685,1
23699,1
23701,1
23761,1
23763,1
23765,1
23785,1
23787,1
23831,1
23909,1
23919,1
23947,1
23971,1
23989,1
24005,1
24011,1
24031,1
24041,1
24117,1
24129,1
24133,1
24157,1
24183,1
24185,1
24207,1
24285,1
24313,1
24327,1
24337,1
24353,1
24360,1
24365,1
24387,1
24389,1
24417,1
24423,1
24425,1
24456,1
24457,1
24459,1
24502,1
24517,1
24541,1
24595,1
24629,1
24659,1
24665,1
24701,1
24713,1
24731,1
24761,1
24803,1
24809,1
24872,1
24919,1
24941,1
24946,1
24955,1
25001,1
25017,1
25031,1
25033,1
25047,1
25055,1
25117,1
25121,1
25133,1
25149,1
25163,1
25187,1
25211,1
25259,1
25261,1
25270,1
25279,1
25295,1
25319,2
25327,1
25359,1
25377,1
25410,1
25425,1
25447,1
25463,1
25509,1
25526,1
25585,1
25595,1
25597,1
25608,1
25653,1
25665,1
25667,1
25669,1
25673,1
25717,1
25741,1
25749,1
25763,1
25765,1
25805,1
25813,1
25867,1
25889,1
25899,1
25934,1
25945,1
26031,1
26099,1
26105,1
26119,2
26125,1
26183,1
26193,1
26200,1
26201,1
26217,1
26225,1
26227,2
26263,1
26293,1
26297,1
26313,1
26342,1
26351,1
26363,1
26421,1
26447,1
26454,1
26495,2
26542,1
26605,1
26611,1
26655,1
26679,1
26703,1
26709,1
26719,1
26747,1
26783,1
26785,1
26787,1
26789,1
26827,1
26835,1
26842,1
26854,1
26863,1
26873,1
26925,1
26933,1
26960,1
26969,1
26991,1
26999,1
27001,1
27021,1
27051,1
27073,1
27097,1
27111,1
27177,1
27179,1
27193,1
27207,1
27217,1
27221,1
27235,1
27251,1
27253,1
27325,1
27361,1
27375,1
27379,1
27401,2
27449,1
27507,1
27523,1
27547,1
27551,1
27575,1
27614,1
27615,1
27633,1
27647,1
27667,1
27683,1
27727,3
27739,1
27741,1
27747,1
27755,1
27793,1
27819,1
27823,1
27833,2
27837,1
27839,1
27862,1
27863,1
27897,1
27919,1
27927,1
27931,1
27945,1
28011,1
28015,1
28019,1
28027,1
28043,1
28047,1
28049,1
28113,1
28139,1
28199,1
28201,1
28237,1
28247,1
28317,1
28323,1
28349,1
28365,1
28409,1
28420,1
28441,1
28457,1
28475,1
28537,3
28599,1
28614,1
28637,1
28653,1
28699,1
28749,1
28753,1
28759,1
28799,1
28803,1
28805,1
28823,1
28834,1
28855,1
28857,1
28949,1
28965,1
28991,1
29015,2
29087,1
29097,1
29111,1
29187,1
29261,1
29307,1
29317,1
29319,1
29331,1
29337,1
29343,1
29397,1
29405,1
29433,1
29437,1
29470,1
29479,1
29505,1
29533,1
29549,1
29597,1
29619,1
29627,1
29691,1
29699,1
29737,1
29763,1
29795,1
29801,1
29815,1
29857,1
29885,1
29901,1
29909,1
29917,1
29923,1
29937,1
30061,1
30081,1
30083,1
30185,1
30233,1
30266,1
30283,1
30311,1
30315,1
30347,1
30379,1
30411,2
30429,1
30454,1
30465,1
30493,1
30497,1
30507,1
30545,1
30553,1
30627,1
30639,1
30643,1
30669,1
30747,1
30785,1
30797,1
30823,1
30837,1
30841,1
30843,1
30935,1
30949,1
30971,1
31007,1
31045,1
31065,1
31069,1
31097,1
31161,1
31197,1
31259,1
31265,1
31269,1
31279,1
31295,1
31345,1
31415,2
31547,1
31557,1
31637,1
31643,1
31689,1
31697,1
31709,1
31752,1
31759,1
31769,1
31771,1
31775,1
31795,1
31843,1
31859,1
31863,1
31875,1
31891,1
31977,1
31997,1
32057,1
32069,1
32095,1
32113,1
32115,1
32123,1
32140,1
32207,1
32375,1
32385,1
32387,1
32427,1
32537,1
32635,1
32679,1
32703,1
32737,1
32791,1
32793,1
32815,1
32833,1
32847,1
32867,1
32929,1
32961,1
32977,2
32981,1
33003,1
33027,1
33107,1
33159,1
33219,1
33230,1
33345,1
33383,1
33385,1
33392,1
33435,1
33449,1
33459,1
33535,1
33591,1
33627,1
33665,1
33697,1
33731,1
33749,1
33785,1
33787,1
33873,1
33953,1
34007,1
34101,1
34169,1
34175,1
34263,1
34275,1
34293,1
34349,1
34378,1
34431,1
34441,1
34495,1
34511,1
34571,1
34637,1
34647,1
34669,1
34705,1
34751,1
34827,1
34851,1
34873,1
34979,1
35027,1
35045,1
35075,1
35077,1
35131,1
35177,1
35191,1
35213,1
35231,1
35233,1
35325,1
35341,1
35363,1
35375,1
35441,1
35455,1
35539,1
35619,1
35649,1
35663,1
35685,1
35727,1
35728,1
35753,2
35825,1
35841,1
35869,1
35895,1
35901,1
35927,1
35979,1
36003,1
36009,1
36019,1
36073,2
36115,1
36141,1
36165,1
36179,2
36196,1
36227,1
36249,1
36283,1
36325,1
36433,1
36625,1
36659,1
36691,1
36725,1
36743,1
36787,1
36847,1
36915,1
36919,1
36933,1
36979,1
36985,1
37009,1
37025,1
37033,1
37063,1
37137,1
37163,1
37203,1
37239,1
37275,1
37312,1
37319,1
37345,1
37359,2
37389,1
37409,1
37447,1
37491,1
37517,1
37583,1
37601,1
37607,1
37613,1
37615,1
37645,1
37675,1
37753,1
37757,1
37765,1
37801,1
37805,1
37837,1
37935,1
37979,1
38039,1
38045,1
38137,1
38157,1
38169,1
38175,1
38257,1
38265,1
38275,1
38309,1
38343,1
38450,1
38479,1
38552,1
38553,1
38563,1
38649,1
38703,1
38783,1
38819,1
38955,1
39021,1
39045,1
39055,1
39059,1
39077,1
39095,1
39117,1
39133,1
39139,1
39181,1
39189,1
39239,1
39293,1
39323,2
39331,1
39381,1
39389,1
39421,1
39455,1
39475,2
39505,1
39542,1
39587,1
39599,1
39651,1
39677,1
39797,1
39827,1
39835,1
39875,1
39889,1
39929,2
39989,1
39997,1
40004,1
40099,1
40195,1
40247,1
40277,1
40305,1
40333,1
40407,1
40417,1
40421,1
40459,1
40551,1
40584,1
40597,1
40645,1
40675,1
40691,1
40715,1
40757,1
40767,1
40805,1
40823,1
40873,1
40875,1
40889,1
40943,1
40953,1
40967,1
41003,1
41025,1
41081,1
41094,1
41109,1
41117,1
41127,1
41133,1
41179,1
41187,1
41225,1
41269,1
41305,1
41315,1
41347,1
41367,1
41431,1
41443,1
41483,1
41559,1
41561,1
41591,1
41607,1
41611,1
41641,1
41687,1
41763,1
41799,1
41837,1
41859,1
41895,1
41953,1
42025,1
42089,1
42095,1
42147,1
42159,1
42247,1
42257,1
42327,1
42333,1
42341,1
42361,1
42375,1
42385,1
42459,1
42471,1
42489,1
42605,1
42607,1
42609,1
42613,1
42623,1
42645,1
42667,1
42675,1
42691,1
42699,1
42730,1
42736,1
42747,1
42841,2
42899,1
42903,1
42921,1
42937,1
42943,1
42963,1
42986,1
42987,1
42995,1
43063,1
43105,1
43203,1
43225,1
43229,1
43259,1
43311,1
43317,1
43321,1
43359,1
43363,1
43367,1
43431,1
43435,2
43459,1
43491,1
43497,1
43509,1
43517,1
43529,1
43537,1
43541,1
43571,1
43627,1
43648,1
43747,1
43769,1
43783,1
43819,1
43869,1
43903,1
43909,1
44001,1
44016,1
44019,1
44055,1
44069,1
44105,1
44107,1
44187,1
44209,1
44242,1
44246,1
44265,1
44297,1
44301,1
44325,1
44355,1
44397,1
44415,1
44447,1
44517,1
44559,1
44581,1
44587,1
44659,1
44683,1
44707,1
44738,1
44791,1
44835,1
44845,1
44875,1
44889,1
44899,1
44923,1
45027,1
45035,1
45042,1
45139,1
45229,1
45235,1
45251,1
45451,1
45533,1
45539,1
45581,1
45615,1
45697,1
45705,1
45714,1
45723,1
45765,1
45803,1
45811,1
45837,1
45857,1
45918,1
45935,1
45999,1
46003,1
46009,1
46021,1
46027,1
46055,1
46137,1
46149,1
46199,1
46225,1
46306,1
46317,1
46405,1
46407,1
46433,1
46437,1
46449,1
46501,1
46511,1
46565,1
46575,1
46641,1
46647,1
46677,1
46679,1
46713,1
46727,1
46751,1
46771,1
46773,1
46793,1
46833,1
46849,1
46893,2
46977,1
46979,1
47005,2
47057,1
47097,1
47117,1
47155,2
47201,1
47215,1
47259,1
47293,1
47303,1
47319,1
47331,1
47371,1
47411,1
47423,1
47453,1
47495,1
47503,1
47507,1
47509,1
47517,1
47548,1
47567,1
47607,1
47627,1
47661,1
47743,1
47759,1
47865,1
47878,1
47893,1
47903,1
47915,1
47999,1
48003,1
48093,1
48113,1
48165,1
48171,1
48237,1
48261,1
48267,1
48279,1
48419,1
48507,1
48547,1
48655,1
48705,1
48709,1
48729,1
48767,1
48819,1
48827,1
48847,1
48899,1
48905,1
48969,1
49039,1
49043,1
49067,1
49077,1
49137,1
49169,1
49171,1
49203,1
49227,1
49387,1
49403,1
49519,1
49833,1
49867,1
50107,1
50191,1
50211,1
50419,1
50497,1
50563,1
50641,1
50661,1
50755,1
50797,1
50833,1
50837,2
50907,1
50913,1
51027,1
51091,1
51239,1
51311,1
51340,1
51391,1
51431,1
51447,1
51493,1
51673,1
51727,1
51807,1
51861,1
51873,1
51955,1
52097,1
52385,1
52475,1
52529,1
52543,1
52675,1
52775,1
52831,1
52835,1
52863,1
52937,1
52949,1
53015,1
53149,1
53243,1
53479,1
53547,1
53564,1
53667,1
53827,1
53915,1
53973,1
53989,1
53993,1
54097,1
54315,1
54345,1
54491,1
54571,1
54581,1
54599,1
54787,1
54791,1
54855,1
55137,1
55139,1
55329,1
55340,1
55433,1
55595,1
55831,1
55907,1
56099,1
56447,1
56463,1
56643,1
57105,1
57427,1
57493,1
57689,1
57893,1
58123,1
58169,1
58225,1
58435,1
58629,1
58965,1
58987,1
59261,1
59391,1
59627,1
59913,1
59985,1
60137,1
60675,1
60739,1
60799,1
61305,1
61413,1
61473,1
62504,1
62628,1
63839,1
64061,1
64471,1
64715,1
